[
  {
    "name": "HOME PAGE",
    "type": "food_box",
    "id": "little-pantry-2",
    "address": "Home Page, Town of Queensbury, Warren County, New York, 12804, United States",
    "city": "Town of Queensbury",
    "state": "New York",
    "coordinates": {
      "lat": 43.3630805,
      "lng": -73.7107889
    },
    "hours": "24/7",
    "phone": "",
    "description": "Little Free Pantry - Take what you need, leave what you can"
  },
  {
    "name": "here",
    "type": "food_box",
    "id": "little-pantry-3",
    "address": "Here, 26, Bushwick Avenue, Brooklyn, Kings County, City of New York, New York, 11207, United States",
    "city": "City of New York",
    "state": "New York",
    "coordinates": {
      "lat": 40.7139069,
      "lng": -73.9418565
    },
    "hours": "24/7",
    "phone": "",
    "description": "Little Free Pantry - Take what you need, leave what you can"
  },
  {
    "name": "Alaska Junction",
    "type": "food_box",
    "id": "little-pantry-7",
    "address": "Alaska Junction, West Seattle, Seattle, King County, Washington, 98116, United States",
    "city": "Seattle",
    "state": "Washington",
    "coordinates": {
      "lat": 47.5611534,
      "lng": -122.3867396
    },
    "hours": "24/7",
    "phone": "",
    "description": "Little Free Pantry - Take what you need, leave what you can"
  },
  {
    "name": "Gleneden Beach",
    "type": "food_box",
    "id": "little-pantry-10",
    "address": "Gleneden Beach, Lincoln County, Oregon, 97388, United States",
    "city": "",
    "state": "Oregon",
    "coordinates": {
      "lat": 44.8789911,
      "lng": -124.0346728
    },
    "hours": "24/7",
    "phone": "",
    "description": "Little Free Pantry - Take what you need, leave what you can"
  },
  {
    "name": "CR Pantry",
    "type": "food_box",
    "id": "little-pantry-25",
    "address": "Sister BJs Pantry, Oklahoma City, Oklahoma County, Oklahoma, United States",
    "city": "Oklahoma City",
    "state": "Oklahoma",
    "coordinates": {
      "lat": 35.472469,
      "lng": -97.5266698
    },
    "hours": "24/7",
    "phone": "",
    "description": "Little Free Pantry - Take what you need, leave what you can"
  },
  {
    "name": "Compass Christian Church",
    "type": "food_box",
    "id": "little-pantry-27",
    "address": "Compass Christian Church, Chandler, Maricopa County, Arizona, United States",
    "city": "Chandler",
    "state": "Arizona",
    "coordinates": {
      "lat": 33.278575,
      "lng": -111.8564546
    },
    "hours": "24/7",
    "phone": "",
    "description": "Little Free Pantry - Take what you need, leave what you can"
  },
  {
    "name": "St.James united Church of Christ",
    "type": "food_box",
    "id": "little-pantry-37",
    "address": "St. James United Church of Christ, South Ralph Street, Center City, Allentown, Lehigh County, Pennsylvania, 18102, United States",
    "city": "Allentown",
    "state": "Pennsylvania",
    "coordinates": {
      "lat": 40.5966226,
      "lng": -75.4870978
    },
    "hours": "24/7",
    "phone": "",
    "description": "Little Free Pantry - Take what you need, leave what you can"
  },
  {
    "name": "First Lutheran Church",
    "type": "food_box",
    "id": "little-pantry-41",
    "address": "First Lutheran Church, West Booher Lane, East Second Street Historic District, Dayton, Montgomery County, Ohio, 45402, United States",
    "city": "Dayton",
    "state": "Ohio",
    "coordinates": {
      "lat": 39.7615041,
      "lng": -84.195629
    },
    "hours": "24/7",
    "phone": "",
    "description": "Little Free Pantry - Take what you need, leave what you can"
  },
  {
    "name": "Community of Christ",
    "type": "food_box",
    "id": "little-pantry-58",
    "address": "Community of Christ, Eugene, Lane County, Oregon, United States",
    "city": "Eugene",
    "state": "Oregon",
    "coordinates": {
      "lat": 44.078598,
      "lng": -123.0801195
    },
    "hours": "24/7",
    "phone": "",
    "description": "Little Free Pantry - Take what you need, leave what you can"
  },
  {
    "name": "Little Pink Free Pantry - Church St",
    "type": "food_box",
    "id": "little-pantry-59",
    "address": "Church Street, Manhattan, New York County, City of New York, New York, 10013, United States",
    "city": "City of New York",
    "state": "New York",
    "coordinates": {
      "lat": 40.720299,
      "lng": -74.0036985
    },
    "hours": "24/7",
    "phone": "",
    "description": "Little Free Pantry - Take what you need, leave what you can"
  },
  {
    "name": "Acacia Park Lutheran Church",
    "type": "food_box",
    "id": "little-pantry-63",
    "address": "Acacia Park Evangelical Lutheran Church, 4307, Oriole Avenue, Norridge, Norwood Park Township, Cook County, Illinois, 60706, United States",
    "city": "Norridge",
    "state": "Illinois",
    "coordinates": {
      "lat": 41.9582542,
      "lng": -87.8165534
    },
    "hours": "24/7",
    "phone": "",
    "description": "Little Free Pantry - Take what you need, leave what you can"
  },
  {
    "name": "Unitarian Universalist San Mateo",
    "type": "food_box",
    "id": "little-pantry-69",
    "address": "Unitarian Universalist Fellowship of Redwood City, 2124, Brewster Avenue, Redwood City, San Mateo County, California, 94063, United States",
    "city": "Redwood City",
    "state": "California",
    "coordinates": {
      "lat": 37.4801,
      "lng": -122.2454935
    },
    "hours": "24/7",
    "phone": "",
    "description": "Little Free Pantry - Take what you need, leave what you can"
  },
  {
    "name": "Free Little Pantry",
    "type": "food_box",
    "id": "little-pantry-70",
    "address": "Free Little Pantry, Greenwood Avenue, Windsor Terrace, Brooklyn, Kings County, City of New York, New York, 11218, United States",
    "city": "City of New York",
    "state": "New York",
    "coordinates": {
      "lat": 40.6514427,
      "lng": -73.9754462
    },
    "hours": "24/7",
    "phone": "",
    "description": "Little Free Pantry - Take what you need, leave what you can"
  },
  {
    "name": "Give & Take",
    "type": "food_box",
    "id": "little-pantry-92",
    "address": "Give & Take, 1, A J Gordon Court, Hamilton, Essex County, Massachusetts, 01936, United States",
    "city": "Hamilton",
    "state": "Massachusetts",
    "coordinates": {
      "lat": 42.61257,
      "lng": -70.8420797
    },
    "hours": "24/7",
    "phone": "",
    "description": "Little Free Pantry - Take what you need, leave what you can"
  },
  {
    "name": "Little Free Pantry - Toledo - Franklin Park",
    "type": "food_box",
    "id": "little-pantry-103",
    "address": "Franklin Park, Leyden Township, Cook County, Illinois, United States",
    "city": "Franklin Park",
    "state": "Illinois",
    "coordinates": {
      "lat": 41.9353084,
      "lng": -87.865618
    },
    "hours": "24/7",
    "phone": "",
    "description": "Little Free Pantry - Take what you need, leave what you can"
  },
  {
    "name": "Ebenezer United Church of Christ",
    "type": "food_box",
    "id": "little-pantry-109",
    "address": "Ebenezer United Church of Christ, South Salt Creek, Lincoln, Lancaster County, Nebraska, United States",
    "city": "Lincoln",
    "state": "Nebraska",
    "coordinates": {
      "lat": 40.8000494,
      "lng": -96.709783
    },
    "hours": "24/7",
    "phone": "",
    "description": "Little Free Pantry - Take what you need, leave what you can"
  },
  {
    "name": "Magnolia Pantry",
    "type": "food_box",
    "id": "little-pantry-111",
    "address": "Pantry on Magnolia, 1308, Hemphill Street, Fort Worth, Tarrant County, Texas, 76104, United States",
    "city": "Fort Worth",
    "state": "Texas",
    "coordinates": {
      "lat": 32.7305169,
      "lng": -97.3321429
    },
    "hours": "24/7",
    "phone": "",
    "description": "Little Free Pantry - Take what you need, leave what you can"
  },
  {
    "name": "St. Timothy's",
    "type": "food_box",
    "id": "little-pantry-112",
    "address": "St Timothy's, 8101, Beechmont Avenue, Beechmont Avenue Business District, Cherry Grove, Cincinnati, Anderson Township, Hamilton County, Ohio, 45255, United States",
    "city": "Cincinnati",
    "state": "Ohio",
    "coordinates": {
      "lat": 39.072608,
      "lng": -84.330413
    },
    "hours": "24/7",
    "phone": "",
    "description": "Little Free Pantry - Take what you need, leave what you can"
  },
  {
    "name": "UU Church of Farmington",
    "type": "food_box",
    "id": "little-pantry-114",
    "address": "Church Avenue, Town of Farmington, Ontario County, New York, 14425, United States",
    "city": "",
    "state": "New York",
    "coordinates": {
      "lat": 43.0315552,
      "lng": -77.3330992
    },
    "hours": "24/7",
    "phone": "",
    "description": "Little Free Pantry - Take what you need, leave what you can"
  },
  {
    "name": "Garden Path",
    "type": "food_box",
    "id": "little-pantry-117",
    "address": "Garden Path, Braun's Farm, San Antonio, Bexar County, Texas, 78254, United States",
    "city": "San Antonio",
    "state": "Texas",
    "coordinates": {
      "lat": 29.5398356,
      "lng": -98.6746839
    },
    "hours": "24/7",
    "phone": "",
    "description": "Little Free Pantry - Take what you need, leave what you can"
  },
  {
    "name": "FREE LITTLE MARKET",
    "type": "food_box",
    "id": "little-pantry-118",
    "address": "Little Free Library - MOM's Organic Market, 5263, Campbell Boulevard, Nottingham, White Marsh, Baltimore County, Maryland, 21236, United States",
    "city": "White Marsh",
    "state": "Maryland",
    "coordinates": {
      "lat": 39.3677013,
      "lng": -76.4533067
    },
    "hours": "24/7",
    "phone": "",
    "description": "Little Free Pantry - Take what you need, leave what you can"
  },
  {
    "name": "Bethesda Md",
    "type": "food_box",
    "id": "little-pantry-121",
    "address": "Super Cleaners USA at Bethesda Row, Hampden Lane, Bethesda Row, Bethesda, Montgomery County, Maryland, 20814, United States",
    "city": "Bethesda",
    "state": "Maryland",
    "coordinates": {
      "lat": 38.9825377,
      "lng": -77.096652
    },
    "hours": "24/7",
    "phone": "",
    "description": "Little Free Pantry - Take what you need, leave what you can"
  },
  {
    "name": "Little Free Pantry - Hilton Village",
    "type": "food_box",
    "id": "little-pantry-124",
    "address": "Hilton Village, Fayette County, West Virginia, United States",
    "city": "",
    "state": "West Virginia",
    "coordinates": {
      "lat": 38.0151141,
      "lng": -80.9014837
    },
    "hours": "24/7",
    "phone": "",
    "description": "Little Free Pantry - Take what you need, leave what you can"
  },
  {
    "name": "Holly Police Station",
    "type": "food_box",
    "id": "little-pantry-125",
    "address": "Holly Springs Police Station, Palm Street, Holly Springs, Cherokee County, Georgia, 30146, United States",
    "city": "Holly Springs",
    "state": "Georgia",
    "coordinates": {
      "lat": 34.173,
      "lng": -84.5005
    },
    "hours": "24/7",
    "phone": "",
    "description": "Little Free Pantry - Take what you need, leave what you can"
  },
  {
    "name": "Evansville community",
    "type": "food_box",
    "id": "little-pantry-130",
    "address": "Evansville Community Partnership, Antes Drive, Evansville, Rock County, Wisconsin, 53536, United States",
    "city": "Evansville",
    "state": "Wisconsin",
    "coordinates": {
      "lat": 42.7838415,
      "lng": -89.2995542
    },
    "hours": "24/7",
    "phone": "",
    "description": "Little Free Pantry - Take what you need, leave what you can"
  },
  {
    "name": "It takes a village",
    "type": "food_box",
    "id": "little-pantry-154",
    "address": "It takes a Village, 202, South Lane Street, Blissfield, Lenawee County, Michigan, 49228, United States",
    "city": "Blissfield",
    "state": "Michigan",
    "coordinates": {
      "lat": 41.8312934,
      "lng": -83.8636608
    },
    "hours": "24/7",
    "phone": "",
    "description": "Little Free Pantry - Take what you need, leave what you can"
  },
  {
    "name": "Lil Free Pantry",
    "type": "food_box",
    "id": "little-pantry-159",
    "address": "Molly's Little Free Pantry, Nay Aug Road, Scranton, Lackawanna County, Pennsylvania, 18510, United States",
    "city": "Scranton",
    "state": "Pennsylvania",
    "coordinates": {
      "lat": 41.3993099,
      "lng": -75.6433104
    },
    "hours": "24/7",
    "phone": "",
    "description": "Little Free Pantry - Take what you need, leave what you can"
  },
  {
    "name": "Neighborhood Pantry",
    "type": "food_box",
    "id": "little-pantry-172",
    "address": "Neighborhood Pantry, 1469, Glen Lake Road, High Point, Hoffman Estates, Schaumburg Township, Cook County, Illinois, 60169, United States",
    "city": "Hoffman Estates",
    "state": "Illinois",
    "coordinates": {
      "lat": 42.0532786,
      "lng": -88.1109406
    },
    "hours": "24/7",
    "phone": "",
    "description": "Little Free Pantry - Take what you need, leave what you can"
  },
  {
    "name": "Cassell Rd",
    "type": "food_box",
    "id": "little-pantry-174",
    "address": "Cassell Road, Manhattan, Riley County, Kansas, 66502, United States",
    "city": "Manhattan",
    "state": "Kansas",
    "coordinates": {
      "lat": 39.202146,
      "lng": -96.6058004
    },
    "hours": "24/7",
    "phone": "",
    "description": "Little Free Pantry - Take what you need, leave what you can"
  },
  {
    "name": "Fairview Church",
    "type": "food_box",
    "id": "little-pantry-175",
    "address": "Fairview Church, Harbison Crossroads, Knox County, East Tennessee, Tennessee, United States",
    "city": "",
    "state": "Tennessee",
    "coordinates": {
      "lat": 36.118947,
      "lng": -83.8617001
    },
    "hours": "24/7",
    "phone": "",
    "description": "Little Free Pantry - Take what you need, leave what you can"
  },
  {
    "name": "Rural Retreat Public Library",
    "type": "food_box",
    "id": "little-pantry-177",
    "address": "Rural Retreat Public Library, 119, North Greever Street, Rural Retreat, Wythe County, Virginia, 24368, United States",
    "city": "Rural Retreat",
    "state": "Virginia",
    "coordinates": {
      "lat": 36.8953419,
      "lng": -81.2716396
    },
    "hours": "24/7",
    "phone": "",
    "description": "Little Free Pantry - Take what you need, leave what you can"
  },
  {
    "name": "Grace Lutheran Church",
    "type": "food_box",
    "id": "little-pantry-178",
    "address": "Grace Lutheran Church, Charlotte, Mecklenburg County, North Carolina, United States",
    "city": "Charlotte",
    "state": "North Carolina",
    "coordinates": {
      "lat": 35.1122223,
      "lng": -80.7787984
    },
    "hours": "24/7",
    "phone": "",
    "description": "Little Free Pantry - Take what you need, leave what you can"
  },
  {
    "name": "Revida",
    "type": "food_box",
    "id": "little-pantry-179",
    "address": "ReVIDA® Recovery Center Fountain City, 2911, Essary Drive, Harrill Hills, Fountain City, Knoxville, Knox County, East Tennessee, Tennessee, 37918, United States",
    "city": "Knoxville",
    "state": "Tennessee",
    "coordinates": {
      "lat": 36.0353994,
      "lng": -83.9295739
    },
    "hours": "24/7",
    "phone": "",
    "description": "Little Free Pantry - Take what you need, leave what you can"
  },
  {
    "name": "Walnut Grove Presbyterian Church",
    "type": "food_box",
    "id": "little-pantry-182",
    "address": "Walnut Grove Presbyterian Church, Glacier Point Court, Whitley Place, Prosper, Collin County, Texas, United States",
    "city": "Prosper",
    "state": "Texas",
    "coordinates": {
      "lat": 33.23747,
      "lng": -96.73587
    },
    "hours": "24/7",
    "phone": "",
    "description": "Little Free Pantry - Take what you need, leave what you can"
  },
  {
    "name": "Open Door Community",
    "type": "food_box",
    "id": "little-pantry-183",
    "address": "Open Door Mennonite Church, West Capitol Street, Cooperative Community, Jackson, Hinds County, Mississippi, 39203, United States",
    "city": "Jackson",
    "state": "Mississippi",
    "coordinates": {
      "lat": 32.3145902,
      "lng": -90.2125888
    },
    "hours": "24/7",
    "phone": "",
    "description": "Little Free Pantry - Take what you need, leave what you can"
  },
  {
    "name": "Sunny Hills Church",
    "type": "food_box",
    "id": "little-pantry-185",
    "address": "Sunny Hills Community Church, 3768, Country Club Boulevard, Washington County, Florida, United States",
    "city": "",
    "state": "Florida",
    "coordinates": {
      "lat": 30.5649273,
      "lng": -85.5811179
    },
    "hours": "24/7",
    "phone": "",
    "description": "Little Free Pantry - Take what you need, leave what you can"
  },
  {
    "name": "Little st Manchester ct",
    "type": "food_box",
    "id": "little-pantry-197",
    "address": "Little Street, Manchester, Capitol Planning Region, Connecticut, 06040, United States",
    "city": "Manchester",
    "state": "Connecticut",
    "coordinates": {
      "lat": 41.7792128,
      "lng": -72.5330601
    },
    "hours": "24/7",
    "phone": "",
    "description": "Little Free Pantry - Take what you need, leave what you can"
  },
  {
    "name": "Summit st, Manchester",
    "type": "food_box",
    "id": "little-pantry-198",
    "address": "Summit Street, Manchester, Washtenaw County, Michigan, 48158, United States",
    "city": "Manchester",
    "state": "Michigan",
    "coordinates": {
      "lat": 42.1478428,
      "lng": -84.0289295
    },
    "hours": "24/7",
    "phone": "",
    "description": "Little Free Pantry - Take what you need, leave what you can"
  },
  {
    "name": "GOD BOX",
    "type": "food_box",
    "id": "little-pantry-199",
    "address": "Missionary Assembly of God Church, Webster Avenue, Mill Hill, Chelsea, Suffolk County, Massachusetts, 02150, United States",
    "city": "Chelsea",
    "state": "Massachusetts",
    "coordinates": {
      "lat": 42.3995414,
      "lng": -71.0219949
    },
    "hours": "24/7",
    "phone": "",
    "description": "Little Free Pantry - Take what you need, leave what you can"
  },
  {
    "name": "Altoona Public Library",
    "type": "food_box",
    "id": "little-pantry-208",
    "address": "Altoona Public Library, 5th Avenue, Altoona, Blair County, Pennsylvania, 16602, United States",
    "city": "Altoona",
    "state": "Pennsylvania",
    "coordinates": {
      "lat": 40.5081673,
      "lng": -78.3993333
    },
    "hours": "24/7",
    "phone": "",
    "description": "Little Free Pantry - Take what you need, leave what you can"
  },
  {
    "name": "Neighborhood pantry",
    "type": "food_box",
    "id": "little-pantry-209",
    "address": "Neighborhood Pantry, 1469, Glen Lake Road, High Point, Hoffman Estates, Schaumburg Township, Cook County, Illinois, 60169, United States",
    "city": "Hoffman Estates",
    "state": "Illinois",
    "coordinates": {
      "lat": 42.0532786,
      "lng": -88.1109406
    },
    "hours": "24/7",
    "phone": "",
    "description": "Little Free Pantry - Take what you need, leave what you can"
  },
  {
    "name": "Midtown Grand Rapids - Old East End",
    "type": "food_box",
    "id": "little-pantry-216",
    "address": "Old East End Boulevard, Liewellyn Corners, Bear Creek Township, Luzerne County, Pennsylvania, 18711, United States",
    "city": "Bear Creek Township",
    "state": "Pennsylvania",
    "coordinates": {
      "lat": 41.2279412,
      "lng": -75.8026016
    },
    "hours": "24/7",
    "phone": "",
    "description": "Little Free Pantry - Take what you need, leave what you can"
  },
  {
    "name": "Blessing box",
    "type": "food_box",
    "id": "little-pantry-218",
    "address": "Blessing Box (food), Alabama Avenue, Dutchtown, Saint Louis, Missouri, 63111, United States",
    "city": "Saint Louis",
    "state": "Missouri",
    "coordinates": {
      "lat": 38.5707055,
      "lng": -90.2448629
    },
    "hours": "24/7",
    "phone": "",
    "description": "Little Free Pantry - Take what you need, leave what you can"
  },
  {
    "name": "Down Town Gilbert",
    "type": "food_box",
    "id": "little-pantry-224",
    "address": "Down Town Gilbert Parking, North Ash Street, Gilbert, Maricopa County, Arizona, 85233, United States",
    "city": "Gilbert",
    "state": "Arizona",
    "coordinates": {
      "lat": 33.3583969,
      "lng": -111.7907169
    },
    "hours": "24/7",
    "phone": "",
    "description": "Little Free Pantry - Take what you need, leave what you can"
  },
  {
    "name": "Food Pantry",
    "type": "food_box",
    "id": "little-pantry-225",
    "address": "Food Pantry, Loch Raven Road, East Baltimore Midway, Baltimore, Maryland, 21218, United States",
    "city": "Baltimore",
    "state": "Maryland",
    "coordinates": {
      "lat": 39.3174662,
      "lng": -76.6076724
    },
    "hours": "24/7",
    "phone": "",
    "description": "Little Free Pantry - Take what you need, leave what you can"
  },
  {
    "name": "Commercial Ave",
    "type": "food_box",
    "id": "little-pantry-230",
    "address": "Commercial Avenue, Baltimore, Maryland, 21237, United States",
    "city": "Baltimore",
    "state": "Maryland",
    "coordinates": {
      "lat": 39.313728,
      "lng": -76.536769
    },
    "hours": "24/7",
    "phone": "",
    "description": "Little Free Pantry - Take what you need, leave what you can"
  },
  {
    "name": "Little Free Pantry",
    "type": "food_box",
    "id": "little-pantry-234",
    "address": "Little Free Pantry, North 6th Street, Williamsburg, Brooklyn, Kings County, City of New York, New York, 11211, United States",
    "city": "City of New York",
    "state": "New York",
    "coordinates": {
      "lat": 40.7192193,
      "lng": -73.9615918
    },
    "hours": "24/7",
    "phone": "",
    "description": "Little Free Pantry - Take what you need, leave what you can"
  },
  {
    "name": "Meals on Main",
    "type": "food_box",
    "id": "little-pantry-238",
    "address": "Meals on Wheels People, 1032, Southwest Main Street, University District, Downtown, Portland, Multnomah County, Oregon, 97205, United States",
    "city": "Portland",
    "state": "Oregon",
    "coordinates": {
      "lat": 45.5174026,
      "lng": -122.6844281
    },
    "hours": "24/7",
    "phone": "",
    "description": "Little Free Pantry - Take what you need, leave what you can"
  },
  {
    "name": "Community Care Pantry",
    "type": "food_box",
    "id": "little-pantry-247",
    "address": "Community Care Center - Braidwood (Food Pantry), 112, South Center Street, Braidwood, Will County, Illinois, 60408, United States",
    "city": "Braidwood",
    "state": "Illinois",
    "coordinates": {
      "lat": 41.2640326,
      "lng": -88.2175124
    },
    "hours": "24/7",
    "phone": "",
    "description": "Little Free Pantry - Take what you need, leave what you can"
  },
  {
    "name": "First Presbyterian Church",
    "type": "food_box",
    "id": "little-pantry-251",
    "address": "First Presbyterian Church, 48, 5th Avenue, Greenwich Village, Manhattan, New York County, City of New York, New York, 10011, United States",
    "city": "City of New York",
    "state": "New York",
    "coordinates": {
      "lat": 40.7344949,
      "lng": -73.9952042
    },
    "hours": "24/7",
    "phone": "",
    "description": "Little Free Pantry - Take what you need, leave what you can"
  },
  {
    "name": "SWANSEA",
    "type": "food_box",
    "id": "little-pantry-252",
    "address": "Swansea, Saint Clair County, Illinois, United States",
    "city": "Swansea",
    "state": "Illinois",
    "coordinates": {
      "lat": 38.5339392,
      "lng": -89.9889936
    },
    "hours": "24/7",
    "phone": "",
    "description": "Little Free Pantry - Take what you need, leave what you can"
  },
  {
    "name": "Pine Beach Chapel",
    "type": "food_box",
    "id": "little-pantry-257",
    "address": "Pine Beach Chapel, Huntington Avenue, Pine Beach, Ocean County, New Jersey, 08741, United States",
    "city": "Pine Beach",
    "state": "New Jersey",
    "coordinates": {
      "lat": 39.9368803,
      "lng": -74.1685347
    },
    "hours": "24/7",
    "phone": "",
    "description": "Little Free Pantry - Take what you need, leave what you can"
  },
  {
    "name": "The barn",
    "type": "food_box",
    "id": "little-pantry-265",
    "address": "Williams Arena, 1925, Southeast University Avenue, Minneapolis, Hennepin County, Minnesota, 55455, United States",
    "city": "Minneapolis",
    "state": "Minnesota",
    "coordinates": {
      "lat": 44.9769776,
      "lng": -93.2282704
    },
    "hours": "24/7",
    "phone": "",
    "description": "Little Free Pantry - Take what you need, leave what you can"
  },
  {
    "name": "East pantry.",
    "type": "food_box",
    "id": "little-pantry-266",
    "address": "East LA Community Corporation Food Pantry, 611, South Lorena Street, Los Angeles, Los Angeles County, California, 90023, United States",
    "city": "Los Angeles",
    "state": "California",
    "coordinates": {
      "lat": 34.0306389,
      "lng": -118.199531
    },
    "hours": "24/7",
    "phone": "",
    "description": "Little Free Pantry - Take what you need, leave what you can"
  },
  {
    "name": "S Franklin Food Bin",
    "type": "food_box",
    "id": "little-pantry-270",
    "address": "Franklin's, 53, Public Square, Wilkes-Barre, Luzerne County, Pennsylvania, 18701, United States",
    "city": "Wilkes-Barre",
    "state": "Pennsylvania",
    "coordinates": {
      "lat": 41.2452891,
      "lng": -75.8820406
    },
    "hours": "24/7",
    "phone": "",
    "description": "Little Free Pantry - Take what you need, leave what you can"
  },
  {
    "name": "Morgan Memorial Library",
    "type": "food_box",
    "id": "little-pantry-272",
    "address": "Morgan Memorial Library, 443, West Washington Street, Azalea Acres, Suffolk, Virginia, 23434, United States",
    "city": "Suffolk",
    "state": "Virginia",
    "coordinates": {
      "lat": 36.729384,
      "lng": -76.5891265
    },
    "hours": "24/7",
    "phone": "",
    "description": "Little Free Pantry - Take what you need, leave what you can"
  },
  {
    "name": "North Suffolk Library",
    "type": "food_box",
    "id": "little-pantry-273",
    "address": "North Suffolk Library, 2000, Bennetts Creek Park Road, Parkside, Bennett Creek, Suffolk, Virginia, 23435, United States",
    "city": "Suffolk",
    "state": "Virginia",
    "coordinates": {
      "lat": 36.8522058,
      "lng": -76.4710853
    },
    "hours": "24/7",
    "phone": "",
    "description": "Little Free Pantry - Take what you need, leave what you can"
  },
  {
    "name": "St. James Episcopal Church",
    "type": "food_box",
    "id": "little-pantry-277",
    "address": "Saint James Church, 865, Madison Avenue, Manhattan Community Board 8, Manhattan, New York County, City of New York, New York, 10021, United States",
    "city": "City of New York",
    "state": "New York",
    "coordinates": {
      "lat": 40.771166,
      "lng": -73.9654174
    },
    "hours": "24/7",
    "phone": "",
    "description": "Little Free Pantry - Take what you need, leave what you can"
  },
  {
    "name": "Free Pantry",
    "type": "food_box",
    "id": "little-pantry-281",
    "address": "Free Pantry, West Market Avenue, Legacy Park, Searcy, White County, Arkansas, 72143, United States",
    "city": "Searcy",
    "state": "Arkansas",
    "coordinates": {
      "lat": 35.2495292,
      "lng": -91.7404377
    },
    "hours": "24/7",
    "phone": "",
    "description": "Little Free Pantry - Take what you need, leave what you can"
  },
  {
    "name": "Little Pantry",
    "type": "food_box",
    "id": "little-pantry-295",
    "address": "Little Free Pantry, North 6th Street, Williamsburg, Brooklyn, Kings County, City of New York, New York, 11211, United States",
    "city": "City of New York",
    "state": "New York",
    "coordinates": {
      "lat": 40.7192193,
      "lng": -73.9615918
    },
    "hours": "24/7",
    "phone": "",
    "description": "Little Free Pantry - Take what you need, leave what you can"
  },
  {
    "name": "Community Cupboard",
    "type": "food_box",
    "id": "little-pantry-300",
    "address": "Community Cupboard, 219, 14th Street, Wastewater Treatment Plant, Leavenworth, Chelan County, Washington, United States",
    "city": "Leavenworth",
    "state": "Washington",
    "coordinates": {
      "lat": 47.5983335,
      "lng": -120.6540159
    },
    "hours": "24/7",
    "phone": "",
    "description": "Little Free Pantry - Take what you need, leave what you can"
  },
  {
    "name": "Centerton Gamble Elementary",
    "type": "food_box",
    "id": "little-pantry-311",
    "address": "Centerton Gamble Elementary School, 1550, Gamble Road, Seba, Centerton, Benton County, Arkansas, 72719, United States",
    "city": "Centerton",
    "state": "Arkansas",
    "coordinates": {
      "lat": 36.3815388,
      "lng": -94.291876
    },
    "hours": "24/7",
    "phone": "",
    "description": "Little Free Pantry - Take what you need, leave what you can"
  },
  {
    "name": "Oaks of Atascocita",
    "type": "food_box",
    "id": "little-pantry-313",
    "address": "Oaks of Atascocita, Atascocita, Harris County, Texas, United States",
    "city": "Atascocita",
    "state": "Texas",
    "coordinates": {
      "lat": 30.0057691,
      "lng": -95.1858358
    },
    "hours": "24/7",
    "phone": "",
    "description": "Little Free Pantry - Take what you need, leave what you can"
  },
  {
    "name": "The Silo",
    "type": "food_box",
    "id": "little-pantry-319",
    "address": "The Silo, Cross Country Trail, Hunting Valley, Cuyahoga County, Ohio, 44040, United States",
    "city": "Hunting Valley",
    "state": "Ohio",
    "coordinates": {
      "lat": 41.4930995,
      "lng": -81.4228559
    },
    "hours": "24/7",
    "phone": "",
    "description": "Little Free Pantry - Take what you need, leave what you can"
  },
  {
    "name": "little free pantry",
    "type": "food_box",
    "id": "little-pantry-321",
    "address": "Little Free Pantry, North 6th Street, Williamsburg, Brooklyn, Kings County, City of New York, New York, 11211, United States",
    "city": "City of New York",
    "state": "New York",
    "coordinates": {
      "lat": 40.7192193,
      "lng": -73.9615918
    },
    "hours": "24/7",
    "phone": "",
    "description": "Little Free Pantry - Take what you need, leave what you can"
  },
  {
    "name": "Woodland Hills at Mason Creek",
    "type": "food_box",
    "id": "little-pantry-327",
    "address": "Woodland Hills at Mason Creek, 14206, FM 968 West, Longview, Harrison County, Texas, 75602, United States",
    "city": "Longview",
    "state": "Texas",
    "coordinates": {
      "lat": 32.4619729,
      "lng": -94.6428035
    },
    "hours": "24/7",
    "phone": "",
    "description": "Little Free Pantry - Take what you need, leave what you can"
  },
  {
    "name": "Fairfax Presbyterian Church",
    "type": "food_box",
    "id": "little-pantry-333",
    "address": "Fairfax Presbyterian Church, Crest Street, Ardmore, Fairfax, Virginia, 22030, United States",
    "city": "Fairfax",
    "state": "Virginia",
    "coordinates": {
      "lat": 38.8468585,
      "lng": -77.3171637
    },
    "hours": "24/7",
    "phone": "",
    "description": "Little Free Pantry - Take what you need, leave what you can"
  },
  {
    "name": "Westlake",
    "type": "food_box",
    "id": "little-pantry-337",
    "address": "Westlake, Denton County, Texas, 76262, United States",
    "city": "Westlake",
    "state": "Texas",
    "coordinates": {
      "lat": 32.991226,
      "lng": -97.1943701
    },
    "hours": "24/7",
    "phone": "",
    "description": "Little Free Pantry - Take what you need, leave what you can"
  },
  {
    "name": "Lynchburg Church of the Brethren",
    "type": "food_box",
    "id": "little-pantry-338",
    "address": "Lynchburg Church of the Brethren, 200, Atlanta Avenue, Southland Acres, Lynchburg, Virginia, 24502, United States",
    "city": "Lynchburg",
    "state": "Virginia",
    "coordinates": {
      "lat": 37.3501123,
      "lng": -79.1891881
    },
    "hours": "24/7",
    "phone": "",
    "description": "Little Free Pantry - Take what you need, leave what you can"
  },
  {
    "name": "Community Pantry",
    "type": "food_box",
    "id": "little-pantry-342",
    "address": "Community Pantry, 57th Avenue South, Rainier Beach, Seattle, King County, Washington, 98178, United States",
    "city": "Seattle",
    "state": "Washington",
    "coordinates": {
      "lat": 47.51964,
      "lng": -122.2614449
    },
    "hours": "24/7",
    "phone": "",
    "description": "Little Free Pantry - Take what you need, leave what you can"
  },
  {
    "name": "Little Free Library",
    "type": "food_box",
    "id": "little-pantry-347",
    "address": "Little Free Library, Butler Street, Brooklyn, Kings County, City of New York, New York, 11231, United States",
    "city": "City of New York",
    "state": "New York",
    "coordinates": {
      "lat": 40.684062,
      "lng": -73.9920341
    },
    "hours": "24/7",
    "phone": "",
    "description": "Little Free Pantry - Take what you need, leave what you can"
  },
  {
    "name": "Free Community Pantry",
    "type": "food_box",
    "id": "little-pantry-351",
    "address": "Community Connecting Us - Food Pantry & Little Free Library, North Main Street, Rock Run, Port Deposit, Cecil County, Maryland, 21094, United States",
    "city": "Port Deposit",
    "state": "Maryland",
    "coordinates": {
      "lat": 39.6078352,
      "lng": -76.1183216
    },
    "hours": "24/7",
    "phone": "",
    "description": "Little Free Pantry - Take what you need, leave what you can"
  },
  {
    "name": "First Landmark Baptist Church - Bentonville",
    "type": "food_box",
    "id": "little-pantry-365",
    "address": "Bentonville, Benton County, Arkansas, United States",
    "city": "Bentonville",
    "state": "Arkansas",
    "coordinates": {
      "lat": 36.3728608,
      "lng": -94.208787
    },
    "hours": "24/7",
    "phone": "",
    "description": "Little Free Pantry - Take what you need, leave what you can"
  },
  {
    "name": "Bryant Woods Elementary",
    "type": "food_box",
    "id": "little-pantry-366",
    "address": "Bryant Woods Elementary School, Blue Heron Lane, Bryant Woods, Wilde Lake, Howard County, Maryland, 21044, United States",
    "city": "",
    "state": "Maryland",
    "coordinates": {
      "lat": 39.2213566,
      "lng": -76.8677308
    },
    "hours": "24/7",
    "phone": "",
    "description": "Little Free Pantry - Take what you need, leave what you can"
  },
  {
    "name": "Jerusalem Chapel Church",
    "type": "food_box",
    "id": "little-pantry-371",
    "address": "Jerusalem Chapel, Williams Avenue, Memphis, Shelby County, West Tennessee, Tennessee, 38126, United States",
    "city": "Memphis",
    "state": "Tennessee",
    "coordinates": {
      "lat": 35.1220348,
      "lng": -90.0398133
    },
    "hours": "24/7",
    "phone": "",
    "description": "Little Free Pantry - Take what you need, leave what you can"
  },
  {
    "name": "North Mankato Taylor Library",
    "type": "food_box",
    "id": "little-pantry-374",
    "address": "North Mankato Taylor Library, Belgrade Avenue, Riverbend Estates, North Mankato, Nicollet County, Minnesota, 56003, United States",
    "city": "North Mankato",
    "state": "Minnesota",
    "coordinates": {
      "lat": 44.1686803,
      "lng": -94.0253307
    },
    "hours": "24/7",
    "phone": "",
    "description": "Little Free Pantry - Take what you need, leave what you can"
  },
  {
    "name": "SCARLETT",
    "type": "food_box",
    "id": "little-pantry-379",
    "address": "Scarlett Hill, Orange County, North Carolina, United States",
    "city": "",
    "state": "North Carolina",
    "coordinates": {
      "lat": 36.0243077,
      "lng": -79.0939012
    },
    "hours": "24/7",
    "phone": "",
    "description": "Little Free Pantry - Take what you need, leave what you can"
  },
  {
    "name": "Garfield Middle School",
    "type": "food_box",
    "id": "little-pantry-388",
    "address": "Garfield Middle School, North Fair Avenue, Dayton-Campbell Historic District, East Hamilton, Hamilton, Butler County, Ohio, 45011, United States",
    "city": "Hamilton",
    "state": "Ohio",
    "coordinates": {
      "lat": 39.3948861,
      "lng": -84.5406416
    },
    "hours": "24/7",
    "phone": "",
    "description": "Little Free Pantry - Take what you need, leave what you can"
  },
  {
    "name": "16207 Redland Rd",
    "type": "food_box",
    "id": "little-pantry-390",
    "address": "16207, Redland Road, Westside, Shady Grove, Derwood, Montgomery County, Maryland, 20855, United States",
    "city": "Derwood",
    "state": "Maryland",
    "coordinates": {
      "lat": 39.1220856,
      "lng": -77.1566266
    },
    "hours": "24/7",
    "phone": "",
    "description": "Little Free Pantry - Take what you need, leave what you can"
  },
  {
    "name": "Lil’ Free Pantry",
    "type": "food_box",
    "id": "little-pantry-393",
    "address": "Molly's Little Free Pantry, Nay Aug Road, Scranton, Lackawanna County, Pennsylvania, 18510, United States",
    "city": "Scranton",
    "state": "Pennsylvania",
    "coordinates": {
      "lat": 41.3993099,
      "lng": -75.6433104
    },
    "hours": "24/7",
    "phone": "",
    "description": "Little Free Pantry - Take what you need, leave what you can"
  },
  {
    "name": "Our Saviors Lutheran Church",
    "type": "food_box",
    "id": "little-pantry-402",
    "address": "Our Saviors Lutheran Church, 549, Bard Avenue, Staten Island, Richmond County, City of New York, New York, 10301, United States",
    "city": "City of New York",
    "state": "New York",
    "coordinates": {
      "lat": 40.6301456,
      "lng": -74.1055718
    },
    "hours": "24/7",
    "phone": "",
    "description": "Little Free Pantry - Take what you need, leave what you can"
  },
  {
    "name": "Bread Shed",
    "type": "food_box",
    "id": "little-pantry-408",
    "address": "The Bread Shed, 80, Krif Road, Keene, Cheshire County, New Hampshire, 03431, United States",
    "city": "Keene",
    "state": "New Hampshire",
    "coordinates": {
      "lat": 42.9158928,
      "lng": -72.2895039
    },
    "hours": "24/7",
    "phone": "",
    "description": "Little Free Pantry - Take what you need, leave what you can"
  },
  {
    "name": "Sanctuary on Main",
    "type": "food_box",
    "id": "little-pantry-423",
    "address": "St. Timothy on the Northshore - Main Sanctuary, 335, Asbury Drive, Mandeville, St. Tammany Parish, Louisiana, 70471, United States",
    "city": "Mandeville",
    "state": "Louisiana",
    "coordinates": {
      "lat": 30.3937005,
      "lng": -90.0830562
    },
    "hours": "24/7",
    "phone": "",
    "description": "Little Free Pantry - Take what you need, leave what you can"
  },
  {
    "name": "First Presbyterian Church of Annapolis",
    "type": "food_box",
    "id": "little-pantry-424",
    "address": "First Presbyterian Church of Annapolis, Conduit Street, New Point, Annapolis, Anne Arundel County, Maryland, 21401, United States",
    "city": "Annapolis",
    "state": "Maryland",
    "coordinates": {
      "lat": 38.9765465,
      "lng": -76.4903519
    },
    "hours": "24/7",
    "phone": "",
    "description": "Little Free Pantry - Take what you need, leave what you can"
  },
  {
    "name": "Sherwood",
    "type": "food_box",
    "id": "little-pantry-428",
    "address": "Sherwood, Hill Township, Pulaski County, Arkansas, 72120, United States",
    "city": "Sherwood",
    "state": "Arkansas",
    "coordinates": {
      "lat": 34.8150907,
      "lng": -92.2243153
    },
    "hours": "24/7",
    "phone": "",
    "description": "Little Free Pantry - Take what you need, leave what you can"
  },
  {
    "name": "Blessing Box",
    "type": "food_box",
    "id": "little-pantry-431",
    "address": "Blessing Box (food), Alabama Avenue, Dutchtown, Saint Louis, Missouri, 63111, United States",
    "city": "Saint Louis",
    "state": "Missouri",
    "coordinates": {
      "lat": 38.5707055,
      "lng": -90.2448629
    },
    "hours": "24/7",
    "phone": "",
    "description": "Little Free Pantry - Take what you need, leave what you can"
  },
  {
    "name": "21st Street",
    "type": "food_box",
    "id": "little-pantry-436",
    "address": "21st Street, Jackson Avenue, Long Island City, Queens, Queens County, City of New York, New York, 11101, United States",
    "city": "City of New York",
    "state": "New York",
    "coordinates": {
      "lat": 40.744065,
      "lng": -73.949724
    },
    "hours": "24/7",
    "phone": "",
    "description": "Little Free Pantry - Take what you need, leave what you can"
  },
  {
    "name": "Free Lil Pantry",
    "type": "food_box",
    "id": "little-pantry-444",
    "address": "Molly's Little Free Pantry, Nay Aug Road, Scranton, Lackawanna County, Pennsylvania, 18510, United States",
    "city": "Scranton",
    "state": "Pennsylvania",
    "coordinates": {
      "lat": 41.3993099,
      "lng": -75.6433104
    },
    "hours": "24/7",
    "phone": "",
    "description": "Little Free Pantry - Take what you need, leave what you can"
  },
  {
    "name": "Little Free Food Pantry",
    "type": "food_box",
    "id": "little-pantry-447",
    "address": "Little Free Food Pantry, East Hoffman Boulevard, Aurora, Arapahoe County, Colorado, 80045, United States",
    "city": "Aurora",
    "state": "Colorado",
    "coordinates": {
      "lat": 39.7287542,
      "lng": -104.8427001
    },
    "hours": "24/7",
    "phone": "",
    "description": "Little Free Pantry - Take what you need, leave what you can"
  },
  {
    "name": "Little Food Pantry",
    "type": "food_box",
    "id": "little-pantry-460",
    "address": "Little Food Pantry, Creekview Lane North, Brooklyn Park, Hennepin County, Minnesota, 55443, United States",
    "city": "Brooklyn Park",
    "state": "Minnesota",
    "coordinates": {
      "lat": 45.1116661,
      "lng": -93.3568238
    },
    "hours": "24/7",
    "phone": "",
    "description": "Little Free Pantry - Take what you need, leave what you can"
  },
  {
    "name": "Little Free Food Pantry - Gilbert",
    "type": "food_box",
    "id": "little-pantry-462",
    "address": "Gilbert, Maricopa County, Arizona, United States",
    "city": "Gilbert",
    "state": "Arizona",
    "coordinates": {
      "lat": 33.3527632,
      "lng": -111.789037
    },
    "hours": "24/7",
    "phone": "",
    "description": "Little Free Pantry - Take what you need, leave what you can"
  },
  {
    "name": "Sunshine House",
    "type": "food_box",
    "id": "little-pantry-463",
    "address": "Sunshine House, 2200 West, Westpointe, Salt Lake City, Salt Lake County, Utah, 84122, United States",
    "city": "Salt Lake City",
    "state": "Utah",
    "coordinates": {
      "lat": 40.786907,
      "lng": -111.9529564
    },
    "hours": "24/7",
    "phone": "",
    "description": "Little Free Pantry - Take what you need, leave what you can"
  },
  {
    "name": "VFW Post 5735",
    "type": "food_box",
    "id": "little-pantry-467",
    "address": "Labetti Post, 390, Hylan Boulevard, Staten Island, Richmond County, City of New York, New York, 10305, United States",
    "city": "City of New York",
    "state": "New York",
    "coordinates": {
      "lat": 40.609593,
      "lng": -74.0744022
    },
    "hours": "24/7",
    "phone": "",
    "description": "Little Free Pantry - Take what you need, leave what you can"
  },
  {
    "name": "Buddy Farms",
    "type": "food_box",
    "id": "little-pantry-482",
    "address": "Buddy Circle, Grandview Farms, Portland, Lower Connecticut River Valley Planning Region, Connecticut, 06480, United States",
    "city": "Portland",
    "state": "Connecticut",
    "coordinates": {
      "lat": 41.5711591,
      "lng": -72.6259621
    },
    "hours": "24/7",
    "phone": "",
    "description": "Little Free Pantry - Take what you need, leave what you can"
  },
  {
    "name": "Peace Evangelical Lutheran",
    "type": "food_box",
    "id": "little-pantry-484",
    "address": "Peace Evangelical Lutheran Church and School, Livonia, Wayne County, Michigan, United States",
    "city": "Livonia",
    "state": "Michigan",
    "coordinates": {
      "lat": 42.3607756,
      "lng": -83.3527088
    },
    "hours": "24/7",
    "phone": "",
    "description": "Little Free Pantry - Take what you need, leave what you can"
  },
  {
    "name": "Winton St",
    "type": "food_box",
    "id": "little-pantry-487",
    "address": "Winton Street, Lower Moyamensing, South Philadelphia, Philadelphia, Philadelphia County, Pennsylvania, 19148, United States",
    "city": "Philadelphia",
    "state": "Pennsylvania",
    "coordinates": {
      "lat": 39.922781,
      "lng": -75.1638342
    },
    "hours": "24/7",
    "phone": "",
    "description": "Little Free Pantry - Take what you need, leave what you can"
  },
  {
    "name": "Tartesso Community",
    "type": "food_box",
    "id": "little-pantry-495",
    "address": "Tartesso Community Sports Park, Tartesso, Buckeye, Maricopa County, Arizona, United States",
    "city": "Buckeye",
    "state": "Arizona",
    "coordinates": {
      "lat": 33.4827848,
      "lng": -112.707217
    },
    "hours": "24/7",
    "phone": "",
    "description": "Little Free Pantry - Take what you need, leave what you can"
  },
  {
    "name": "In Retrospect",
    "type": "food_box",
    "id": "little-pantry-510",
    "address": "In Retrospect, 1940, West State Street, West Downtown, North End, Boise, Ada County, Idaho, 83702, United States",
    "city": "Boise",
    "state": "Idaho",
    "coordinates": {
      "lat": 43.626471,
      "lng": -116.2148695
    },
    "hours": "24/7",
    "phone": "",
    "description": "Little Free Pantry - Take what you need, leave what you can"
  },
  {
    "name": "First Unitarian Church",
    "type": "food_box",
    "id": "little-pantry-511",
    "address": "First Unitarian Church, West Hamilton Street, Mount Vernon, Baltimore, Maryland, 21201, United States",
    "city": "Baltimore",
    "state": "Maryland",
    "coordinates": {
      "lat": 39.2954539,
      "lng": -76.6158509
    },
    "hours": "24/7",
    "phone": "",
    "description": "Little Free Pantry - Take what you need, leave what you can"
  },
  {
    "name": "Little Free Bodega",
    "type": "food_box",
    "id": "little-pantry-512",
    "address": "Little Free Library, Salmon Creek Road, Bodega, Sonoma County, California, 94922, United States",
    "city": "Bodega",
    "state": "California",
    "coordinates": {
      "lat": 38.3472055,
      "lng": -122.9770054
    },
    "hours": "24/7",
    "phone": "",
    "description": "Little Free Pantry - Take what you need, leave what you can"
  },
  {
    "name": "White Rock Elementary school",
    "type": "food_box",
    "id": "little-pantry-524",
    "address": "White Rock Elementary School, 400, Buena Vista Street, White Rock Hill, Lynchburg, Virginia, 24504, United States",
    "city": "Lynchburg",
    "state": "Virginia",
    "coordinates": {
      "lat": 37.4023994,
      "lng": -79.1338135
    },
    "hours": "24/7",
    "phone": "",
    "description": "Little Free Pantry - Take what you need, leave what you can"
  },
  {
    "name": "ECHO House",
    "type": "food_box",
    "id": "little-pantry-542",
    "address": "Echo House, Petroglyph Point Trail, Montezuma County, Colorado, 81330, United States",
    "city": "",
    "state": "Colorado",
    "coordinates": {
      "lat": 37.1675479,
      "lng": -108.5003692
    },
    "hours": "24/7",
    "phone": "",
    "description": "Little Free Pantry - Take what you need, leave what you can"
  },
  {
    "name": "Little free pantry",
    "type": "food_box",
    "id": "little-pantry-554",
    "address": "Little Free Pantry, North 6th Street, Williamsburg, Brooklyn, Kings County, City of New York, New York, 11211, United States",
    "city": "City of New York",
    "state": "New York",
    "coordinates": {
      "lat": 40.7192193,
      "lng": -73.9615918
    },
    "hours": "24/7",
    "phone": "",
    "description": "Little Free Pantry - Take what you need, leave what you can"
  },
  {
    "name": "The Little Free Pantry",
    "type": "food_box",
    "id": "little-pantry-560",
    "address": "The Little Free Pantry, Leona Street, Bevo Mill, Saint Louis, Missouri, 63116, United States",
    "city": "Saint Louis",
    "state": "Missouri",
    "coordinates": {
      "lat": 38.5689,
      "lng": -90.2690722
    },
    "hours": "24/7",
    "phone": "",
    "description": "Little Free Pantry - Take what you need, leave what you can"
  },
  {
    "name": "Roland",
    "type": "food_box",
    "id": "little-pantry-565",
    "address": "Roland, Howard Township, Story County, Iowa, 50236, United States",
    "city": "Roland",
    "state": "Iowa",
    "coordinates": {
      "lat": 42.1682437,
      "lng": -93.5000923
    },
    "hours": "24/7",
    "phone": "",
    "description": "Little Free Pantry - Take what you need, leave what you can"
  },
  {
    "name": "Community Corner",
    "type": "food_box",
    "id": "little-pantry-577",
    "address": "Cozy Corner Community, Flint, Genesee County, Michigan, United States",
    "city": "Flint",
    "state": "Michigan",
    "coordinates": {
      "lat": 43.0623868,
      "lng": -83.674623
    },
    "hours": "24/7",
    "phone": "",
    "description": "Little Free Pantry - Take what you need, leave what you can"
  },
  {
    "name": "CommUNITY Cupboard",
    "type": "food_box",
    "id": "little-pantry-598",
    "address": "Community Cupboard, 219, 14th Street, Wastewater Treatment Plant, Leavenworth, Chelan County, Washington, United States",
    "city": "Leavenworth",
    "state": "Washington",
    "coordinates": {
      "lat": 47.5983335,
      "lng": -120.6540159
    },
    "hours": "24/7",
    "phone": "",
    "description": "Little Free Pantry - Take what you need, leave what you can"
  },
  {
    "name": "Lindenhurst Memorial Library",
    "type": "food_box",
    "id": "little-pantry-602",
    "address": "Lindenhurst Memorial Library, Lee Avenue, Village of Lindenhurst, Town of Babylon, Suffolk County, New York, 11757, United States",
    "city": "Village of Lindenhurst",
    "state": "New York",
    "coordinates": {
      "lat": 40.6825,
      "lng": -73.3677778
    },
    "hours": "24/7",
    "phone": "",
    "description": "Little Free Pantry - Take what you need, leave what you can"
  },
  {
    "name": "Little Free Food Pantry - Gilbert, AZ",
    "type": "food_box",
    "id": "little-pantry-607",
    "address": "Gilbert, Maricopa County, Arizona, United States",
    "city": "Gilbert",
    "state": "Arizona",
    "coordinates": {
      "lat": 33.3527632,
      "lng": -111.789037
    },
    "hours": "24/7",
    "phone": "",
    "description": "Little Free Pantry - Take what you need, leave what you can"
  },
  {
    "name": "Blessings Box",
    "type": "food_box",
    "id": "little-pantry-610",
    "address": "Blessings Box (Food Only), South Industrial Drive, Meramec Township, Jefferson County, Missouri, 63016, United States",
    "city": "",
    "state": "Missouri",
    "coordinates": {
      "lat": 38.3502745,
      "lng": -90.6505348
    },
    "hours": "24/7",
    "phone": "",
    "description": "Little Free Pantry - Take what you need, leave what you can"
  },
  {
    "name": "Harwood Methodist Church",
    "type": "food_box",
    "id": "little-pantry-612",
    "address": "Harwood Park United Methodist Church, 6635, Highland Avenue, Harwood Park, Elkridge, Howard County, Maryland, 21075, United States",
    "city": "Elkridge",
    "state": "Maryland",
    "coordinates": {
      "lat": 39.1952655,
      "lng": -76.7384326
    },
    "hours": "24/7",
    "phone": "",
    "description": "Little Free Pantry - Take what you need, leave what you can"
  },
  {
    "name": "Free little Pantry",
    "type": "food_box",
    "id": "little-pantry-622",
    "address": "Free Little Pantry, Greenwood Avenue, Windsor Terrace, Brooklyn, Kings County, City of New York, New York, 11218, United States",
    "city": "City of New York",
    "state": "New York",
    "coordinates": {
      "lat": 40.6514427,
      "lng": -73.9754462
    },
    "hours": "24/7",
    "phone": "",
    "description": "Little Free Pantry - Take what you need, leave what you can"
  },
  {
    "name": "Unitarian Universalist Church",
    "type": "food_box",
    "id": "little-pantry-625",
    "address": "Unitarian Universalist Church, 147, High Street, Medford Square, West Medford, Medford, Middlesex County, Massachusetts, 02155, United States",
    "city": "Medford",
    "state": "Massachusetts",
    "coordinates": {
      "lat": 42.4206744,
      "lng": -71.1150149
    },
    "hours": "24/7",
    "phone": "",
    "description": "Little Free Pantry - Take what you need, leave what you can"
  },
  {
    "name": "Saint John Baptist Church",
    "type": "food_box",
    "id": "little-pantry-627",
    "address": "Saint John Baptist Church, Vance County, North Carolina, United States",
    "city": "",
    "state": "North Carolina",
    "coordinates": {
      "lat": 36.4058181,
      "lng": -78.3257422
    },
    "hours": "24/7",
    "phone": "",
    "description": "Little Free Pantry - Take what you need, leave what you can"
  },
  {
    "name": "Little blessings",
    "type": "food_box",
    "id": "little-pantry-649",
    "address": "Little Blessings, Lafayette Road, Portsmouth, Rockingham County, New Hampshire, 03801, United States",
    "city": "Portsmouth",
    "state": "New Hampshire",
    "coordinates": {
      "lat": 43.048229,
      "lng": -70.7704186
    },
    "hours": "24/7",
    "phone": "",
    "description": "Little Free Pantry - Take what you need, leave what you can"
  },
  {
    "name": "North Presbyterian Church",
    "type": "food_box",
    "id": "little-pantry-661",
    "address": "North Presbyterian Church, East 40th Street, Asiatown, Goodrich-Kirtland Park, Cleveland, Cuyahoga County, Ohio, 44115, United States",
    "city": "Cleveland",
    "state": "Ohio",
    "coordinates": {
      "lat": 41.5142175,
      "lng": -81.6620736
    },
    "hours": "24/7",
    "phone": "",
    "description": "Little Free Pantry - Take what you need, leave what you can"
  },
  {
    "name": "Blue Food",
    "type": "food_box",
    "id": "little-pantry-663",
    "address": "Blue, 1115, Richmond Terrace, Staten Island, Richmond County, City of New York, New York, 10310, United States",
    "city": "City of New York",
    "state": "New York",
    "coordinates": {
      "lat": 40.6453855,
      "lng": -74.1077517
    },
    "hours": "24/7",
    "phone": "",
    "description": "Little Free Pantry - Take what you need, leave what you can"
  },
  {
    "name": "Little Free Pantry - Lee Rd, Cleveland Hts",
    "type": "food_box",
    "id": "little-pantry-665",
    "address": "Lee Road, Fairmount Heights, Cleveland Heights, Cuyahoga County, Ohio, 44137, United States",
    "city": "Cleveland Heights",
    "state": "Ohio",
    "coordinates": {
      "lat": 41.4865642,
      "lng": -81.5650961
    },
    "hours": "24/7",
    "phone": "",
    "description": "Little Free Pantry - Take what you need, leave what you can"
  },
  {
    "name": "Fairwood Community United Methodist Church",
    "type": "food_box",
    "id": "little-pantry-674",
    "address": "Fairwood Community United Methodist, Southeast Fairwood Boulevard, Fairwood Greens, Fairwood, Renton, King County, Washington, 98058, United States",
    "city": "Renton",
    "state": "Washington",
    "coordinates": {
      "lat": 47.4473411,
      "lng": -122.1363674
    },
    "hours": "24/7",
    "phone": "",
    "description": "Little Free Pantry - Take what you need, leave what you can"
  },
  {
    "name": "Grace’s Little Free Pantry - Wautoma",
    "type": "food_box",
    "id": "little-pantry-688",
    "address": "Wautoma, Waushara County, Wisconsin, 54982, United States",
    "city": "Wautoma",
    "state": "Wisconsin",
    "coordinates": {
      "lat": 44.0750502,
      "lng": -89.290193
    },
    "hours": "24/7",
    "phone": "",
    "description": "Little Free Pantry - Take what you need, leave what you can"
  },
  {
    "name": "Plymouth Congregational United Church of Christ",
    "type": "food_box",
    "id": "little-pantry-689",
    "address": "Plymouth Congregational United Church of Christ, 5301, Ward 4, Washington, District of Columbia, 20011, United States",
    "city": "Washington",
    "state": "District of Columbia",
    "coordinates": {
      "lat": 38.955311,
      "lng": -77.0086634
    },
    "hours": "24/7",
    "phone": "",
    "description": "Little Free Pantry - Take what you need, leave what you can"
  },
  {
    "name": "Good Shepherd Lutheran Church",
    "type": "food_box",
    "id": "little-pantry-691",
    "address": "Good Shepherd Lutheran Church, Bismarck, Burleigh County, North Dakota, United States",
    "city": "Bismarck",
    "state": "North Dakota",
    "coordinates": {
      "lat": 46.8233839,
      "lng": -100.7929252
    },
    "hours": "24/7",
    "phone": "",
    "description": "Little Free Pantry - Take what you need, leave what you can"
  },
  {
    "name": "Little free Library",
    "type": "food_box",
    "id": "little-pantry-693",
    "address": "Little Free Library, 87th Street, Brooklyn, Kings County, City of New York, New York, 11209, United States",
    "city": "City of New York",
    "state": "New York",
    "coordinates": {
      "lat": 40.6229074,
      "lng": -74.0324394
    },
    "hours": "24/7",
    "phone": "",
    "description": "Little Free Pantry - Take what you need, leave what you can"
  },
  {
    "name": "Toney Post Office",
    "type": "food_box",
    "id": "little-pantry-704",
    "address": "Toney Post Office, 136, Toney Road, Toney, Madison County, Alabama, 35773, United States",
    "city": "",
    "state": "Alabama",
    "coordinates": {
      "lat": 34.9015605,
      "lng": -86.7146479
    },
    "hours": "24/7",
    "phone": "",
    "description": "Little Free Pantry - Take what you need, leave what you can"
  },
  {
    "name": "Rock of Power Church",
    "type": "food_box",
    "id": "little-pantry-708",
    "address": "Rock of Power Church, 4118, Veterans Drive, Pearland, Brazoria County, Texas, 77584, United States",
    "city": "Pearland",
    "state": "Texas",
    "coordinates": {
      "lat": 29.5289288,
      "lng": -95.2899077
    },
    "hours": "24/7",
    "phone": "",
    "description": "Little Free Pantry - Take what you need, leave what you can"
  },
  {
    "name": "Mini pantry",
    "type": "food_box",
    "id": "little-pantry-714",
    "address": "Attic Pantry Mini Storage, 32950, Boerne, Kendall County, Texas, 78006, United States",
    "city": "Boerne",
    "state": "Texas",
    "coordinates": {
      "lat": 29.7651889,
      "lng": -98.7151287
    },
    "hours": "24/7",
    "phone": "",
    "description": "Little Free Pantry - Take what you need, leave what you can"
  },
  {
    "name": "St. Stephen's Episcopal Church",
    "type": "food_box",
    "id": "little-pantry-728",
    "address": "Saint Stephen's Episcopal Church, 19, South 10th Street, Washington Square West, Center City, Philadelphia, Philadelphia County, Pennsylvania, 19107, United States",
    "city": "Philadelphia",
    "state": "Pennsylvania",
    "coordinates": {
      "lat": 39.9508543,
      "lng": -75.1565652
    },
    "hours": "24/7",
    "phone": "",
    "description": "Little Free Pantry - Take what you need, leave what you can"
  },
  {
    "name": "St. Paul",
    "type": "food_box",
    "id": "little-pantry-731",
    "address": "Saint Paul, Ramsey County, Minnesota, United States",
    "city": "Saint Paul",
    "state": "Minnesota",
    "coordinates": {
      "lat": 44.9497487,
      "lng": -93.0931028
    },
    "hours": "24/7",
    "phone": "",
    "description": "Little Free Pantry - Take what you need, leave what you can"
  },
  {
    "name": "Butler Area Public Library",
    "type": "food_box",
    "id": "little-pantry-732",
    "address": "Butler Area Public Library, 218, North McKean Street, Butler, Butler County, Pennsylvania, 16001, United States",
    "city": "Butler",
    "state": "Pennsylvania",
    "coordinates": {
      "lat": 40.8629963,
      "lng": -79.8936619
    },
    "hours": "24/7",
    "phone": "",
    "description": "Little Free Pantry - Take what you need, leave what you can"
  },
  {
    "name": "Sprout Garden",
    "type": "food_box",
    "id": "little-pantry-747",
    "address": "Sprout Garden, Harris Drive Extension, New London, Southeastern Connecticut Planning Region, Connecticut, 06349, United States",
    "city": "New London",
    "state": "Connecticut",
    "coordinates": {
      "lat": 41.381232,
      "lng": -72.1081581
    },
    "hours": "24/7",
    "phone": "",
    "description": "Little Free Pantry - Take what you need, leave what you can"
  },
  {
    "name": "New Dora Baptist Church",
    "type": "food_box",
    "id": "little-pantry-749",
    "address": "New Dora Missionary Baptist Church, 4301, North Market Street, The Ville, Saint Louis, Missouri, 63113, United States",
    "city": "Saint Louis",
    "state": "Missouri",
    "coordinates": {
      "lat": 38.6591885,
      "lng": -90.2411177
    },
    "hours": "24/7",
    "phone": "",
    "description": "Little Free Pantry - Take what you need, leave what you can"
  },
  {
    "name": "Arthur St",
    "type": "food_box",
    "id": "little-pantry-760",
    "address": "Arthur St, Vincent, Newark Township, Webster County, Iowa, 50594, United States",
    "city": "Vincent",
    "state": "Iowa",
    "coordinates": {
      "lat": 42.5912755,
      "lng": -94.021146
    },
    "hours": "24/7",
    "phone": "",
    "description": "Little Free Pantry - Take what you need, leave what you can"
  },
  {
    "name": "Lutheran Church of the Redeemer",
    "type": "food_box",
    "id": "little-pantry-764",
    "address": "Lutheran Church of the Redeemer, Seaholm, Birmingham, Oakland County, Michigan, United States",
    "city": "Birmingham",
    "state": "Michigan",
    "coordinates": {
      "lat": 42.5465341,
      "lng": -83.2374694
    },
    "hours": "24/7",
    "phone": "",
    "description": "Little Free Pantry - Take what you need, leave what you can"
  },
  {
    "name": "Christ Episcopal Church",
    "type": "food_box",
    "id": "little-pantry-765",
    "address": "Christ Episcopal Church, 5, Paterson Street, New Brunswick, Middlesex County, New Jersey, 08901, United States",
    "city": "New Brunswick",
    "state": "New Jersey",
    "coordinates": {
      "lat": 40.4958906,
      "lng": -74.4425916
    },
    "hours": "24/7",
    "phone": "",
    "description": "Little Free Pantry - Take what you need, leave what you can"
  },
  {
    "name": "Village Cohousing Community",
    "type": "food_box",
    "id": "little-pantry-772",
    "address": "Village Cohousing Community, 1112, Mound Street, Greenbush, Oakland Heights, Bowens Addition, Madison, Dane County, Wisconsin, 53706, United States",
    "city": "Madison",
    "state": "Wisconsin",
    "coordinates": {
      "lat": 43.065583,
      "lng": -89.4047738
    },
    "hours": "24/7",
    "phone": "",
    "description": "Little Free Pantry - Take what you need, leave what you can"
  },
  {
    "name": "Free Little Pantry - Firehouse Grille Restaurant",
    "type": "food_box",
    "id": "little-pantry-773",
    "address": "Firehouse Grille, 7875, Old Town Road, New Market, Elko New Market, Scott County, Minnesota, 55054, United States",
    "city": "Elko New Market",
    "state": "Minnesota",
    "coordinates": {
      "lat": 44.5736002,
      "lng": -93.3613609
    },
    "hours": "24/7",
    "phone": "",
    "description": "Little Free Pantry - Take what you need, leave what you can"
  },
  {
    "name": "Bear Creek Baptist Church",
    "type": "food_box",
    "id": "little-pantry-777",
    "address": "Bear Creek Baptist Church, Hampton Road, Glenn Heights, Oak Leaf, Ellis County, Texas, 76167, United States",
    "city": "Oak Leaf",
    "state": "Texas",
    "coordinates": {
      "lat": 32.5262486,
      "lng": -96.8586109
    },
    "hours": "24/7",
    "phone": "",
    "description": "Little Free Pantry - Take what you need, leave what you can"
  },
  {
    "name": "Beaverton Baha'i Center",
    "type": "food_box",
    "id": "little-pantry-781",
    "address": "Beaverton Baha’i Center, 5355, Southwest Murray Boulevard, West Beaverton, Beaverton, Washington County, Oregon, 97005, United States",
    "city": "Beaverton",
    "state": "Oregon",
    "coordinates": {
      "lat": 45.4804963,
      "lng": -122.8264955
    },
    "hours": "24/7",
    "phone": "",
    "description": "Little Free Pantry - Take what you need, leave what you can"
  },
  {
    "name": "Highland Free Pantry",
    "type": "food_box",
    "id": "little-pantry-782",
    "address": "Micro Pantry: Jordan Boys and Girls Club / Highland Park, 30, Willow Street, Bellingham Hill, Chelsea, Suffolk County, Massachusetts, 02150, United States",
    "city": "Chelsea",
    "state": "Massachusetts",
    "coordinates": {
      "lat": 42.3874758,
      "lng": -71.0272612
    },
    "hours": "24/7",
    "phone": "",
    "description": "Little Free Pantry - Take what you need, leave what you can"
  },
  {
    "name": "Hummingbird Hood",
    "type": "food_box",
    "id": "little-pantry-795",
    "address": "Hummingbird Court, Hood County, Texas, 76049, United States",
    "city": "",
    "state": "Texas",
    "coordinates": {
      "lat": 32.4272774,
      "lng": -97.7109352
    },
    "hours": "24/7",
    "phone": "",
    "description": "Little Free Pantry - Take what you need, leave what you can"
  },
  {
    "name": "Midway Baptist Church",
    "type": "food_box",
    "id": "little-pantry-796",
    "address": "Midway Baptist Church, Polk County, North Carolina, United States",
    "city": "",
    "state": "North Carolina",
    "coordinates": {
      "lat": 35.271772,
      "lng": -82.1834679
    },
    "hours": "24/7",
    "phone": "",
    "description": "Little Free Pantry - Take what you need, leave what you can"
  },
  {
    "name": "Southside Baptist church",
    "type": "food_box",
    "id": "little-pantry-799",
    "address": "Southside Baptist Church, 415, Allendale, Brandon, Hillsborough County, Florida, 33511, United States",
    "city": "Brandon",
    "state": "Florida",
    "coordinates": {
      "lat": 27.9222694,
      "lng": -82.2909733
    },
    "hours": "24/7",
    "phone": "",
    "description": "Little Free Pantry - Take what you need, leave what you can"
  },
  {
    "name": "3520 N milton street",
    "type": "food_box",
    "id": "little-pantry-803",
    "address": "3520, North Milton Street, Audubon / Downriver, Spokane, Spokane County, Washington, 99205, United States",
    "city": "Spokane",
    "state": "Washington",
    "coordinates": {
      "lat": 47.6901201,
      "lng": -117.4523607
    },
    "hours": "24/7",
    "phone": "",
    "description": "Little Free Pantry - Take what you need, leave what you can"
  },
  {
    "name": "Unitarian Universalist Church of Annapolis",
    "type": "food_box",
    "id": "little-pantry-807",
    "address": "Unitarian Universalist Church of Annapolis, 333, Dubois Road, The Village, Annapolis, Anne Arundel County, Maryland, 21401, United States",
    "city": "Annapolis",
    "state": "Maryland",
    "coordinates": {
      "lat": 38.9989529,
      "lng": -76.5239213
    },
    "hours": "24/7",
    "phone": "",
    "description": "Little Free Pantry - Take what you need, leave what you can"
  },
  {
    "name": "Saint Lukes Episcopal church",
    "type": "food_box",
    "id": "little-pantry-844",
    "address": "Saint Lukes Episcopal Church, 850, Wolcott Avenue, City of Beacon, Dutchess County, New York, 12508, United States",
    "city": "City of Beacon",
    "state": "New York",
    "coordinates": {
      "lat": 41.4974976,
      "lng": -73.9634743
    },
    "hours": "24/7",
    "phone": "",
    "description": "Little Free Pantry - Take what you need, leave what you can"
  },
  {
    "name": "Bread of Life",
    "type": "food_box",
    "id": "little-pantry-856",
    "address": "Bread of Life, 34460, Darwin Drive, Fremont, Alameda County, California, 94555, United States",
    "city": "Fremont",
    "state": "California",
    "coordinates": {
      "lat": 37.5750564,
      "lng": -122.0389957
    },
    "hours": "24/7",
    "phone": "",
    "description": "Little Free Pantry - Take what you need, leave what you can"
  },
  {
    "name": "Mars Hill United Methodist Church",
    "type": "food_box",
    "id": "little-pantry-863",
    "address": "Mars Hill United Methodist Church, Main Street, Mars Hill, Aroostook County, Maine, 04758, United States",
    "city": "Mars Hill",
    "state": "Maine",
    "coordinates": {
      "lat": 46.5122475,
      "lng": -67.8680339
    },
    "hours": "24/7",
    "phone": "",
    "description": "Little Free Pantry - Take what you need, leave what you can"
  },
  {
    "name": "Spring Creek Baptist Church",
    "type": "food_box",
    "id": "little-pantry-874",
    "address": "Spring Creek Baptist Church, Lavon Drive, Garland, Dallas County, Texas, 75040, United States",
    "city": "Garland",
    "state": "Texas",
    "coordinates": {
      "lat": 32.9430849,
      "lng": -96.6215662
    },
    "hours": "24/7",
    "phone": "",
    "description": "Little Free Pantry - Take what you need, leave what you can"
  },
  {
    "name": "Christway Christian Church",
    "type": "food_box",
    "id": "little-pantry-876",
    "address": "Christway Christian Church of God Inc, Hillcrest Drive, Hillcrest, Hoke County, North Carolina, 28376, United States",
    "city": "",
    "state": "North Carolina",
    "coordinates": {
      "lat": 34.9930581,
      "lng": -79.1881248
    },
    "hours": "24/7",
    "phone": "",
    "description": "Little Free Pantry - Take what you need, leave what you can"
  },
  {
    "name": "ZION LUTHERAN CHURCH",
    "type": "food_box",
    "id": "little-pantry-887",
    "address": "Zion Lutheran Church, 140, North Gay Street, Downtown, Baltimore, Maryland, 21202, United States",
    "city": "Baltimore",
    "state": "Maryland",
    "coordinates": {
      "lat": 39.2916399,
      "lng": -76.6095364
    },
    "hours": "24/7",
    "phone": "",
    "description": "Little Free Pantry - Take what you need, leave what you can"
  },
  {
    "name": "Matteson Public Library",
    "type": "food_box",
    "id": "little-pantry-890",
    "address": "Matteson Public Library, 801, School Avenue, Matteson, Rich Township, Cook County, Illinois, 60443, United States",
    "city": "Matteson",
    "state": "Illinois",
    "coordinates": {
      "lat": 41.5127148,
      "lng": -87.7250888
    },
    "hours": "24/7",
    "phone": "",
    "description": "Little Free Pantry - Take what you need, leave what you can"
  },
  {
    "name": "Emmanuel Lutheran Church, Vienna, VA",
    "type": "food_box",
    "id": "little-pantry-899",
    "address": "Vienna, Fairfax County, Virginia, United States",
    "city": "Vienna",
    "state": "Virginia",
    "coordinates": {
      "lat": 38.9013729,
      "lng": -77.2651762
    },
    "hours": "24/7",
    "phone": "",
    "description": "Little Free Pantry - Take what you need, leave what you can"
  }
]