[
  {
    "name": "Second Harvest Food Bank of Northwest North Carolina",
    "address": "3655 Reed Creek Rd",
    "city": "Winston-Salem",
    "state": "NC",
    "zipCode": "27107",
    "phone": "(336) 784-5770",
    "website": "https://www.secondharvest.org",
    "type": "foodbank",
    "original_id": 0
  },
  {
    "name": "Food Bank of Northern Nevada",
    "address": "350 Parr Circle",
    "city": "Sparks",
    "state": "NV",
    "zipCode": "89431",
    "phone": "(775) 331-3663",
    "website": "https://www.fbnn.org",
    "type": "foodbank",
    "original_id": 1
  },
  {
    "name": "Tarrant Area Food Bank",
    "address": "2600 Cullen St",
    "city": "Fort Worth",
    "state": "TX",
    "zipCode": "76107",
    "phone": "(817) 857-7100",
    "website": "https://www.tafb.org",
    "type": "foodbank",
    "original_id": 2
  },
  {
    "name": "San Antonio Food Bank",
    "address": "5200 Enrique M Barrera Pkwy",
    "city": "San Antonio",
    "state": "TX",
    "zipCode": "78227",
    "phone": "(210) 337-3663",
    "website": "https://www.safoodbank.org",
    "type": "foodbank",
    "original_id": 3
  },
  {
    "name": "Capital Region Food Bank (Albany)",
    "address": "965 Albany Shaker Rd",
    "city": "Latham",
    "state": "NY",
    "zipCode": "12110",
    "phone": "(518) 786-3691",
    "website": "https://www.regionalfoodbank.net",
    "type": "foodbank",
    "original_id": 4
  },
  {
    "name": "Central Pennsylvania Food Bank",
    "address": "3908 Corey Rd",
    "city": "Harrisburg",
    "state": "PA",
    "zipCode": "17109",
    "phone": "(717) 564-1700",
    "website": "https://www.centralpafoodbank.org",
    "type": "foodbank",
    "original_id": 5
  },
  {
    "name": "Greater Pittsburgh Community Food Bank",
    "address": "1 N Linden St",
    "city": "Duquesne",
    "state": "PA",
    "zipCode": "15110",
    "phone": "(412) 460-3663",
    "website": "https://www.pittsburghfoodbank.org",
    "type": "foodbank",
    "original_id": 6
  },
  {
    "name": "Philabundance",
    "address": "3616 S Galloway St",
    "city": "Philadelphia",
    "state": "PA",
    "zipCode": "19148",
    "phone": "(215) 339-0900",
    "website": "https://www.philabundance.org",
    "type": "foodbank",
    "original_id": 7
  },
  {
    "name": "Maryland Food Bank",
    "address": "2200 Halethorpe Farms Rd",
    "city": "Halethorpe",
    "state": "MD",
    "zipCode": "21227",
    "phone": "(410) 737-8282",
    "website": "https://www.mdfoodbank.org",
    "type": "foodbank",
    "original_id": 8
  },
  {
    "name": "Feeding South Florida",
    "address": "4925 Hiatus Rd",
    "city": "Sunrise",
    "state": "FL",
    "zipCode": "33351",
    "phone": "(954) 518-1818",
    "website": "https://www.feedingsouthflorida.org",
    "type": "foodbank",
    "original_id": 9
  },
  {
    "name": "Second Harvest Food Bank of Central Florida",
    "address": "411 Mercy Dr",
    "city": "Orlando",
    "state": "FL",
    "zipCode": "32805",
    "phone": "(407) 295-1066",
    "website": "https://www.feedhopenow.org",
    "type": "foodbank",
    "original_id": 10
  },
  {
    "name": "Feeding Northeast Florida",
    "address": "10191 Ragsdale Rd",
    "city": "Jacksonville",
    "state": "FL",
    "zipCode": "32256",
    "phone": "(904) 394-5425",
    "website": "https://www.feedingnefl.org",
    "type": "foodbank",
    "original_id": 11
  },
  {
    "name": "Second Harvest of Silicon Valley",
    "address": "4001 N 1st St",
    "city": "San Jose",
    "state": "CA",
    "zipCode": "95134",
    "phone": "(866) 234-3663",
    "website": "https://www.shfb.org",
    "type": "foodbank",
    "original_id": 12
  },
  {
    "name": "Sacramento Food Bank & Family Services",
    "address": "3333 3rd Ave",
    "city": "Sacramento",
    "state": "CA",
    "zipCode": "95817",
    "phone": "(916) 456-1980",
    "website": "https://www.sacramentofoodbank.org",
    "type": "foodbank",
    "original_id": 13
  },
  {
    "name": "Redwood Empire Food Bank",
    "address": "3990 Brickway Blvd",
    "city": "Santa Rosa",
    "state": "CA",
    "zipCode": "95403",
    "phone": "(707) 523-7900",
    "website": "https://www.refb.org",
    "type": "foodbank",
    "original_id": 14
  },
  {
    "name": "Food Bank of Contra Costa and Solano",
    "address": "4010 Nelson Ave",
    "city": "Concord",
    "state": "CA",
    "zipCode": "94520",
    "phone": "(855) 309-3663",
    "website": "https://www.foodbankccs.org",
    "type": "foodbank",
    "original_id": 15
  },
  {
    "name": "Northwest Harvest",
    "address": "1600 E Marginal Way S",
    "city": "Seattle",
    "state": "WA",
    "zipCode": "98134",
    "phone": "(206) 625-0755",
    "website": "https://www.northwestharvest.org",
    "type": "foodbank",
    "original_id": 16
  },
  {
    "name": "Second Harvest Inland Northwest",
    "address": "1234 E Front Ave",
    "city": "Spokane",
    "state": "WA",
    "zipCode": "99202",
    "phone": "(509) 252-6264",
    "website": "https://www.2-harvest.org",
    "type": "foodbank",
    "original_id": 17
  },
  {
    "name": "Food Bank of the Southern Alleghenies",
    "address": "307 Oxbow Rd",
    "city": "Martinsburg",
    "state": "PA",
    "zipCode": "16662",
    "phone": "(814) 693-3438",
    "website": "https://www.fbsa.us",
    "type": "foodbank",
    "original_id": 18
  },
  {
    "name": "Lowcountry Food Bank",
    "address": "2864 Azalea Dr",
    "city": "Charleston",
    "state": "SC",
    "zipCode": "29405",
    "phone": "(843) 747-8146",
    "website": "https://www.lowcountryfoodbank.org",
    "type": "foodbank",
    "original_id": 19
  },
  {
    "name": "Harvesters - Kansas City",
    "address": "3801 Topping Ave",
    "city": "Kansas City",
    "state": "MO",
    "zipCode": "64129",
    "phone": "(816) 929-3000",
    "website": "https://www.harvesters.org",
    "type": "foodbank",
    "original_id": 20
  },
  {
    "name": "Ozarks Food Harvest",
    "address": "1333 S Kimbrough Ave",
    "city": "Springfield",
    "state": "MO",
    "zipCode": "65807",
    "phone": "(417) 865-3411",
    "website": "https://www.ozarksfoodharvest.org",
    "type": "foodbank",
    "original_id": 21
  },
  {
    "name": "Food Bank of Eastern Michigan",
    "address": "411 E Boulevard Dr",
    "city": "Flint",
    "state": "MI",
    "zipCode": "48503",
    "phone": "(810) 239-4441",
    "website": "https://www.fbem.org",
    "type": "foodbank",
    "original_id": 22
  },
  {
    "name": "Feeding America West Michigan",
    "address": "864 W River Center Dr NE",
    "city": "Comstock Park",
    "state": "MI",
    "zipCode": "49321",
    "phone": "(616) 784-3250",
    "website": "https://www.feedwm.org",
    "type": "foodbank",
    "original_id": 23
  },
  {
    "name": "Food Bank of Lincoln",
    "address": "4840 Doris Bair Cir",
    "city": "Lincoln",
    "state": "NE",
    "zipCode": "68504",
    "phone": "(402) 466-8170",
    "website": "https://www.lincolnfoodbank.org",
    "type": "foodbank",
    "original_id": 24
  },
  {
    "name": "Community Food Bank of New Jersey - Egg Harbor",
    "address": "6735 Black Horse Pike",
    "city": "Egg Harbor Township",
    "state": "NJ",
    "zipCode": "08234",
    "phone": "(609) 383-8843",
    "website": "https://www.cfbnj.org",
    "type": "foodbank",
    "original_id": 25
  },
  {
    "name": "Idaho Foodbank - Boise",
    "address": "3630 E Commercial Ct",
    "city": "Meridian",
    "state": "ID",
    "zipCode": "83642",
    "phone": "(208) 336-9643",
    "website": "https://www.idahofoodbank.org",
    "type": "foodbank",
    "original_id": 26
  },
  {
    "name": "Utah Food Bank",
    "address": "3150 S 900 W",
    "city": "Salt Lake City",
    "state": "UT",
    "zipCode": "84119",
    "phone": "(801) 978-2452",
    "website": "https://www.utahfoodbank.org",
    "type": "foodbank",
    "original_id": 27
  },
  {
    "name": "Community Food Bank of Southern Arizona",
    "address": "3003 S Country Club Rd",
    "city": "Tucson",
    "state": "AZ",
    "zipCode": "85713",
    "phone": "(520) 622-0525",
    "website": "https://www.communityfoodbank.org",
    "type": "foodbank",
    "original_id": 28
  },
  {
    "name": "St. Mary's Food Bank - Phoenix",
    "address": "2831 N 31st Ave",
    "city": "Phoenix",
    "state": "AZ",
    "zipCode": "85009",
    "phone": "(602) 242-3663",
    "website": "https://www.firstfoodbank.org",
    "type": "foodbank",
    "original_id": 29
  },
  {
    "name": "Roadrunner Food Bank - Albuquerque",
    "address": "5840 Office Blvd NE",
    "city": "Albuquerque",
    "state": "NM",
    "zipCode": "87109",
    "phone": "(505) 247-2052",
    "website": "https://www.rrfb.org",
    "type": "foodbank",
    "original_id": 30
  },
  {
    "name": "Food Bank of Alaska",
    "address": "2121 Spar Ave",
    "city": "Anchorage",
    "state": "AK",
    "zipCode": "99501",
    "phone": "(907) 272-3663",
    "website": "https://www.foodbankofalaska.org",
    "type": "foodbank",
    "original_id": 31
  },
  {
    "name": "Hawaii Foodbank - Honolulu",
    "address": "2611 Kilihau St",
    "city": "Honolulu",
    "state": "HI",
    "zipCode": "96819",
    "phone": "(808) 836-3600",
    "website": "https://www.hawaiifoodbank.org",
    "type": "foodbank",
    "original_id": 32
  },
  {
    "name": "Rhode Island Community Food Bank",
    "address": "200 Niantic Ave",
    "city": "Providence",
    "state": "RI",
    "zipCode": "02907",
    "phone": "(401) 942-6325",
    "website": "https://www.rifoodbank.org",
    "type": "foodbank",
    "original_id": 33
  },
  {
    "name": "Vermont Foodbank",
    "address": "33 Airport Rd",
    "city": "Barre",
    "state": "VT",
    "zipCode": "05641",
    "phone": "(802) 476-3341",
    "website": "https://www.vtfoodbank.org",
    "type": "foodbank",
    "original_id": 34
  },
  {
    "name": "Good Shepherd Food Bank - Maine",
    "address": "3121 Hotel Rd",
    "city": "Auburn",
    "state": "ME",
    "zipCode": "04210",
    "phone": "(207) 782-3554",
    "website": "https://www.gsfb.org",
    "type": "foodbank",
    "original_id": 35
  },
  {
    "name": "New Hampshire Food Bank",
    "address": "700 E Industrial Park Dr",
    "city": "Manchester",
    "state": "NH",
    "zipCode": "03109",
    "phone": "(603) 669-9725",
    "website": "https://www.nhfoodbank.org",
    "type": "foodbank",
    "original_id": 36
  },
  {
    "name": "Connecticut Food Bank",
    "address": "2 Research Pkwy",
    "city": "Wallingford",
    "state": "CT",
    "zipCode": "06492",
    "phone": "(203) 469-5000",
    "website": "https://www.ctfoodbank.org",
    "type": "foodbank",
    "original_id": 37
  },
  {
    "name": "Foodbank of Southeastern Virginia and the Eastern Shore",
    "address": "800 Tidewater Dr",
    "city": "Norfolk",
    "state": "VA",
    "zipCode": "23504",
    "phone": "(757) 787-2557",
    "website": "https://www.foodbankonline.org",
    "type": "foodbank",
    "original_id": 38
  },
  {
    "name": "Blue Ridge Area Food Bank",
    "address": "7331 Pacific Ave",
    "city": "Verona",
    "state": "VA",
    "zipCode": "24482",
    "phone": "(540) 248-3663",
    "website": "https://www.brafb.org",
    "type": "foodbank",
    "original_id": 39
  },
  {
    "name": "Mountaineer Food Bank",
    "address": "484 Enterprise Dr",
    "city": "Gassaway",
    "state": "WV",
    "zipCode": "26624",
    "phone": "(304) 364-5518",
    "website": "https://www.mountaineerfoodbank.org",
    "type": "foodbank",
    "original_id": 40
  },
  {
    "name": "Kentucky Community and Technical College System Food Bank",
    "address": "300 N Main St",
    "city": "Versailles",
    "state": "KY",
    "zipCode": "40383",
    "phone": "(859) 256-3100",
    "website": "https://www.godfrey.kctcs.edu/foodbank",
    "type": "foodbank",
    "original_id": 41
  },
  {
    "name": "Second Harvest Food Bank of Middle Tennessee",
    "address": "331 Great Circle Rd",
    "city": "Nashville",
    "state": "TN",
    "zipCode": "37228",
    "phone": "(615) 329-3491",
    "website": "https://www.secondharvestmidtn.org",
    "type": "foodbank",
    "original_id": 42
  },
  {
    "name": "Second Harvest Food Bank of East Tennessee",
    "address": "136 Harvest Ln",
    "city": "Maryville",
    "state": "TN",
    "zipCode": "37801",
    "phone": "(865) 383-0835",
    "website": "https://www.secondharvestetn.org",
    "type": "foodbank",
    "original_id": 43
  },
  {
    "name": "Mid-South Food Bank",
    "address": "4025 North Second St",
    "city": "Memphis",
    "state": "TN",
    "zipCode": "38127",
    "phone": "(901) 527-0841",
    "website": "https://www.midsouthfoodbank.org",
    "type": "foodbank",
    "original_id": 44
  },
  {
    "name": "Community Food Bank of Central Alabama",
    "address": "4301 3rd Ave S",
    "city": "Birmingham",
    "state": "AL",
    "zipCode": "35222",
    "phone": "(205) 942-8911",
    "website": "https://www.feedingal.org",
    "type": "foodbank",
    "original_id": 45
  },
  {
    "name": "Arkansas Foodbank",
    "address": "4301 W 65th St",
    "city": "Little Rock",
    "state": "AR",
    "zipCode": "72209",
    "phone": "(501) 565-8121",
    "website": "https://www.arkansasfoodbank.org",
    "type": "foodbank",
    "original_id": 46
  },
  {
    "name": "Mississippi Food Network",
    "address": "718 Commerce St",
    "city": "Jackson",
    "state": "MS",
    "zipCode": "39201",
    "phone": "(601) 973-7000",
    "website": "https://www.msfoodnet.org",
    "type": "foodbank",
    "original_id": 47
  },
  {
    "name": "Greater Baton Rouge Food Bank",
    "address": "11550 BREC Park Dr",
    "city": "Baton Rouge",
    "state": "LA",
    "zipCode": "70816",
    "phone": "(225) 359-9940",
    "website": "https://www.brfoodbank.org",
    "type": "foodbank",
    "original_id": 48
  },
  {
    "name": "Second Harvest Food Bank of Greater New Orleans",
    "address": "700 Edwards Ave",
    "city": "New Orleans",
    "state": "LA",
    "zipCode": "70123",
    "phone": "(504) 734-1322",
    "website": "https://www.no-hunger.org",
    "type": "foodbank",
    "original_id": 49
  },
  {
    "name": "Freestore Foodbank - Cincinnati",
    "address": "1141 Central Pkwy",
    "city": "Cincinnati",
    "state": "OH",
    "zipCode": "45202",
    "phone": "(513) 482-7550",
    "website": "https://www.freestorefoodbank.org",
    "type": "foodbank",
    "original_id": 50
  },
  {
    "name": "Mid-Ohio Food Collective",
    "address": "3960 Brookham Dr",
    "city": "Grove City",
    "state": "OH",
    "zipCode": "43123",
    "phone": "(614) 317-9999",
    "website": "https://www.mofc.org",
    "type": "foodbank",
    "original_id": 51
  },
  {
    "name": "Akron-Canton Regional Foodbank",
    "address": "350 Opportunity Pkwy",
    "city": "Akron",
    "state": "OH",
    "zipCode": "44307",
    "phone": "(330) 535-6900",
    "website": "https://www.acrfb.org",
    "type": "foodbank",
    "original_id": 52
  },
  {
    "name": "Second Harvest Food Bank of Northwest Pennsylvania",
    "address": "1507 Grimm Dr",
    "city": "Erie",
    "state": "PA",
    "zipCode": "16501",
    "phone": "(814) 459-3663",
    "website": "https://www.nwpafoodbank.org",
    "type": "foodbank",
    "original_id": 53
  },
  {
    "name": "Northern Illinois Food Bank",
    "address": "273 Dearborn Ct",
    "city": "Geneva",
    "state": "IL",
    "zipCode": "60134",
    "phone": "(630) 443-6910",
    "website": "https://www.northernilfoodbank.org",
    "type": "foodbank",
    "original_id": 54
  },
  {
    "name": "Central Illinois Foodbank",
    "address": "1937 E Cook St",
    "city": "Springfield",
    "state": "IL",
    "zipCode": "62703",
    "phone": "(217) 522-4022",
    "website": "https://www.centralillinoisfoodbank.org",
    "type": "foodbank",
    "original_id": 55
  },
  {
    "name": "River Bend Foodbank",
    "address": "4010 4th Ave",
    "city": "Rock Island",
    "state": "IL",
    "zipCode": "61201",
    "phone": "(309) 793-6510",
    "website": "https://www.riverbendfoodbank.org",
    "type": "foodbank",
    "original_id": 56
  },
  {
    "name": "Feeding Wisconsin",
    "address": "2915 N Stoughton Rd",
    "city": "Madison",
    "state": "WI",
    "zipCode": "53704",
    "phone": "(608) 255-2111",
    "website": "https://www.feedingwisconsin.org",
    "type": "foodbank",
    "original_id": 57
  },
  {
    "name": "Feeding South Dakota",
    "address": "4701 N Westport Ave",
    "city": "Sioux Falls",
    "state": "SD",
    "zipCode": "57107",
    "phone": "(605) 335-0364",
    "website": "https://www.feedingsouthdakota.org",
    "type": "foodbank",
    "original_id": 58
  },
  {
    "name": "Great Plains Food Bank",
    "address": "1720 3rd Ave N",
    "city": "Fargo",
    "state": "ND",
    "zipCode": "58102",
    "phone": "(701) 232-6219",
    "website": "https://www.greatplainsfoodbank.org",
    "type": "foodbank",
    "original_id": 59
  },
  {
    "name": "Montana Food Bank Network",
    "address": "5625 Bitterroot Rd",
    "city": "Missoula",
    "state": "MT",
    "zipCode": "59808",
    "phone": "(406) 721-3825",
    "website": "https://www.mfbn.org",
    "type": "foodbank",
    "original_id": 60
  },
  {
    "name": "Wyoming Food Bank of the Rockies",
    "address": "1207 E D St",
    "city": "Casper",
    "state": "WY",
    "zipCode": "82601",
    "phone": "(307) 265-2172",
    "website": "https://www.wyomingfoodbank.org",
    "type": "foodbank",
    "original_id": 61
  },
  {
    "name": "Food Bank of Delaware",
    "address": "222 Lake Dr",
    "city": "Newark",
    "state": "DE",
    "zipCode": "19702",
    "phone": "(302) 292-1305",
    "website": "https://www.fbd.org",
    "type": "foodbank",
    "original_id": 62
  }
]